<annotation>
	<folder>fish</folder>
	<filename>image37.jpg</filename>
	<path>/Users/ashithbhandary/PycharmProjects/pythonProject/fish/image37.jpg</path>
	<source>
		<database>Unknown</database>
	</source>
	<size>
		<width>768</width>
		<height>432</height>
		<depth>3</depth>
	</size>
	<segmented>0</segmented>
	<object>
		<name>fish8</name>
		<pose>Unspecified</pose>
		<truncated>0</truncated>
		<difficult>0</difficult>
		<bndbox>
			<xmin>261</xmin>
			<ymin>210</ymin>
			<xmax>502</xmax>
			<ymax>305</ymax>
		</bndbox>
	</object>
	<object>
		<name>fish8</name>
		<pose>Unspecified</pose>
		<truncated>1</truncated>
		<difficult>0</difficult>
		<bndbox>
			<xmin>532</xmin>
			<ymin>241</ymin>
			<xmax>768</xmax>
			<ymax>385</ymax>
		</bndbox>
	</object>
	<object>
		<name>fish8</name>
		<pose>Unspecified</pose>
		<truncated>0</truncated>
		<difficult>0</difficult>
		<bndbox>
			<xmin>80</xmin>
			<ymin>210</ymin>
			<xmax>292</xmax>
			<ymax>288</ymax>
		</bndbox>
	</object>
	<object>
		<name>fish8</name>
		<pose>Unspecified</pose>
		<truncated>0</truncated>
		<difficult>0</difficult>
		<bndbox>
			<xmin>5</xmin>
			<ymin>74</ymin>
			<xmax>181</xmax>
			<ymax>181</ymax>
		</bndbox>
	</object>
</annotation>
