<annotation>
	<folder>fish</folder>
	<filename>image28.jpg</filename>
	<path>/Users/ashithbhandary/PycharmProjects/pythonProject/fish/image28.jpg</path>
	<source>
		<database>Unknown</database>
	</source>
	<size>
		<width>768</width>
		<height>432</height>
		<depth>3</depth>
	</size>
	<segmented>0</segmented>
	<object>
		<name>fish5</name>
		<pose>Unspecified</pose>
		<truncated>0</truncated>
		<difficult>0</difficult>
		<bndbox>
			<xmin>483</xmin>
			<ymin>195</ymin>
			<xmax>655</xmax>
			<ymax>267</ymax>
		</bndbox>
	</object>
	<object>
		<name>fish1</name>
		<pose>Unspecified</pose>
		<truncated>0</truncated>
		<difficult>0</difficult>
		<bndbox>
			<xmin>283</xmin>
			<ymin>43</ymin>
			<xmax>374</xmax>
			<ymax>94</ymax>
		</bndbox>
	</object>
	<object>
		<name>fish2</name>
		<pose>Unspecified</pose>
		<truncated>0</truncated>
		<difficult>0</difficult>
		<bndbox>
			<xmin>197</xmin>
			<ymin>313</ymin>
			<xmax>286</xmax>
			<ymax>355</ymax>
		</bndbox>
	</object>
	<object>
		<name>fish2</name>
		<pose>Unspecified</pose>
		<truncated>0</truncated>
		<difficult>0</difficult>
		<bndbox>
			<xmin>103</xmin>
			<ymin>196</ymin>
			<xmax>174</xmax>
			<ymax>279</ymax>
		</bndbox>
	</object>
</annotation>
