<annotation>
	<folder>fish</folder>
	<filename>image30.jpg</filename>
	<path>/Users/ashithbhandary/PycharmProjects/pythonProject/fish/image30.jpg</path>
	<source>
		<database>Unknown</database>
	</source>
	<size>
		<width>768</width>
		<height>432</height>
		<depth>3</depth>
	</size>
	<segmented>0</segmented>
	<object>
		<name>fish2</name>
		<pose>Unspecified</pose>
		<truncated>0</truncated>
		<difficult>0</difficult>
		<bndbox>
			<xmin>216</xmin>
			<ymin>287</ymin>
			<xmax>289</xmax>
			<ymax>341</ymax>
		</bndbox>
	</object>
	<object>
		<name>fish1</name>
		<pose>Unspecified</pose>
		<truncated>0</truncated>
		<difficult>0</difficult>
		<bndbox>
			<xmin>258</xmin>
			<ymin>41</ymin>
			<xmax>327</xmax>
			<ymax>81</ymax>
		</bndbox>
	</object>
	<object>
		<name>eel</name>
		<pose>Unspecified</pose>
		<truncated>0</truncated>
		<difficult>0</difficult>
		<bndbox>
			<xmin>294</xmin>
			<ymin>258</ymin>
			<xmax>472</xmax>
			<ymax>332</ymax>
		</bndbox>
	</object>
</annotation>
