<annotation>
	<folder>fish</folder>
	<filename>image39.jpg</filename>
	<path>/Users/ashithbhandary/PycharmProjects/pythonProject/fish/image39.jpg</path>
	<source>
		<database>Unknown</database>
	</source>
	<size>
		<width>768</width>
		<height>432</height>
		<depth>3</depth>
	</size>
	<segmented>0</segmented>
	<object>
		<name>fish8</name>
		<pose>Unspecified</pose>
		<truncated>0</truncated>
		<difficult>0</difficult>
		<bndbox>
			<xmin>391</xmin>
			<ymin>235</ymin>
			<xmax>720</xmax>
			<ymax>366</ymax>
		</bndbox>
	</object>
	<object>
		<name>fish8</name>
		<pose>Unspecified</pose>
		<truncated>0</truncated>
		<difficult>0</difficult>
		<bndbox>
			<xmin>5</xmin>
			<ymin>110</ymin>
			<xmax>271</xmax>
			<ymax>275</ymax>
		</bndbox>
	</object>
</annotation>
