<annotation>
	<folder>fish</folder>
	<filename>image14.jpg</filename>
	<path>/Users/ashithbhandary/PycharmProjects/pythonProject/fish/image14.jpg</path>
	<source>
		<database>Unknown</database>
	</source>
	<size>
		<width>768</width>
		<height>432</height>
		<depth>3</depth>
	</size>
	<segmented>0</segmented>
	<object>
		<name>fish5</name>
		<pose>Unspecified</pose>
		<truncated>0</truncated>
		<difficult>0</difficult>
		<bndbox>
			<xmin>467</xmin>
			<ymin>177</ymin>
			<xmax>575</xmax>
			<ymax>281</ymax>
		</bndbox>
	</object>
	<object>
		<name>fish5</name>
		<pose>Unspecified</pose>
		<truncated>0</truncated>
		<difficult>0</difficult>
		<bndbox>
			<xmin>555</xmin>
			<ymin>219</ymin>
			<xmax>593</xmax>
			<ymax>244</ymax>
		</bndbox>
	</object>
</annotation>
