<annotation>
	<folder>fish</folder>
	<filename>image29.jpg</filename>
	<path>/Users/ashithbhandary/PycharmProjects/pythonProject/fish/image29.jpg</path>
	<source>
		<database>Unknown</database>
	</source>
	<size>
		<width>768</width>
		<height>432</height>
		<depth>3</depth>
	</size>
	<segmented>0</segmented>
	<object>
		<name>fish5</name>
		<pose>Unspecified</pose>
		<truncated>0</truncated>
		<difficult>0</difficult>
		<bndbox>
			<xmin>616</xmin>
			<ymin>191</ymin>
			<xmax>674</xmax>
			<ymax>275</ymax>
		</bndbox>
	</object>
	<object>
		<name>fish2</name>
		<pose>Unspecified</pose>
		<truncated>0</truncated>
		<difficult>0</difficult>
		<bndbox>
			<xmin>126</xmin>
			<ymin>215</ymin>
			<xmax>222</xmax>
			<ymax>266</ymax>
		</bndbox>
	</object>
	<object>
		<name>fish1</name>
		<pose>Unspecified</pose>
		<truncated>0</truncated>
		<difficult>0</difficult>
		<bndbox>
			<xmin>280</xmin>
			<ymin>44</ymin>
			<xmax>363</xmax>
			<ymax>82</ymax>
		</bndbox>
	</object>
</annotation>
