<annotation>
	<folder>fish</folder>
	<filename>image13.jpg</filename>
	<path>/Users/ashithbhandary/PycharmProjects/pythonProject/fish/image13.jpg</path>
	<source>
		<database>Unknown</database>
	</source>
	<size>
		<width>768</width>
		<height>432</height>
		<depth>3</depth>
	</size>
	<segmented>0</segmented>
	<object>
		<name>fish5</name>
		<pose>Unspecified</pose>
		<truncated>0</truncated>
		<difficult>0</difficult>
		<bndbox>
			<xmin>397</xmin>
			<ymin>224</ymin>
			<xmax>529</xmax>
			<ymax>326</ymax>
		</bndbox>
	</object>
	<object>
		<name>fish5</name>
		<pose>Unspecified</pose>
		<truncated>0</truncated>
		<difficult>0</difficult>
		<bndbox>
			<xmin>508</xmin>
			<ymin>219</ymin>
			<xmax>633</xmax>
			<ymax>308</ymax>
		</bndbox>
	</object>
</annotation>
