<annotation>
	<folder>fish</folder>
	<filename>image41.jpg</filename>
	<path>/Users/ashithbhandary/PycharmProjects/pythonProject/fish/image41.jpg</path>
	<source>
		<database>Unknown</database>
	</source>
	<size>
		<width>768</width>
		<height>432</height>
		<depth>3</depth>
	</size>
	<segmented>0</segmented>
	<object>
		<name>fish8</name>
		<pose>Unspecified</pose>
		<truncated>0</truncated>
		<difficult>0</difficult>
		<bndbox>
			<xmin>102</xmin>
			<ymin>23</ymin>
			<xmax>232</xmax>
			<ymax>70</ymax>
		</bndbox>
	</object>
	<object>
		<name>fish8</name>
		<pose>Unspecified</pose>
		<truncated>0</truncated>
		<difficult>0</difficult>
		<bndbox>
			<xmin>193</xmin>
			<ymin>59</ymin>
			<xmax>302</xmax>
			<ymax>106</ymax>
		</bndbox>
	</object>
	<object>
		<name>fish8</name>
		<pose>Unspecified</pose>
		<truncated>0</truncated>
		<difficult>0</difficult>
		<bndbox>
			<xmin>99</xmin>
			<ymin>85</ymin>
			<xmax>245</xmax>
			<ymax>144</ymax>
		</bndbox>
	</object>
	<object>
		<name>fish8</name>
		<pose>Unspecified</pose>
		<truncated>0</truncated>
		<difficult>0</difficult>
		<bndbox>
			<xmin>499</xmin>
			<ymin>28</ymin>
			<xmax>583</xmax>
			<ymax>73</ymax>
		</bndbox>
	</object>
	<object>
		<name>fish3</name>
		<pose>Unspecified</pose>
		<truncated>1</truncated>
		<difficult>0</difficult>
		<bndbox>
			<xmin>239</xmin>
			<ymin>1</ymin>
			<xmax>443</xmax>
			<ymax>99</ymax>
		</bndbox>
	</object>
	<object>
		<name>fish8</name>
		<pose>Unspecified</pose>
		<truncated>0</truncated>
		<difficult>0</difficult>
		<bndbox>
			<xmin>461</xmin>
			<ymin>51</ymin>
			<xmax>524</xmax>
			<ymax>98</ymax>
		</bndbox>
	</object>
	<object>
		<name>fish8</name>
		<pose>Unspecified</pose>
		<truncated>0</truncated>
		<difficult>0</difficult>
		<bndbox>
			<xmin>685</xmin>
			<ymin>31</ymin>
			<xmax>735</xmax>
			<ymax>70</ymax>
		</bndbox>
	</object>
	<object>
		<name>fish8</name>
		<pose>Unspecified</pose>
		<truncated>0</truncated>
		<difficult>0</difficult>
		<bndbox>
			<xmin>2</xmin>
			<ymin>44</ymin>
			<xmax>110</xmax>
			<ymax>103</ymax>
		</bndbox>
	</object>
	<object>
		<name>fish8</name>
		<pose>Unspecified</pose>
		<truncated>0</truncated>
		<difficult>0</difficult>
		<bndbox>
			<xmin>313</xmin>
			<ymin>107</ymin>
			<xmax>388</xmax>
			<ymax>177</ymax>
		</bndbox>
	</object>
	<object>
		<name>fish8</name>
		<pose>Unspecified</pose>
		<truncated>0</truncated>
		<difficult>0</difficult>
		<bndbox>
			<xmin>185</xmin>
			<ymin>117</ymin>
			<xmax>237</xmax>
			<ymax>170</ymax>
		</bndbox>
	</object>
	<object>
		<name>fish8</name>
		<pose>Unspecified</pose>
		<truncated>0</truncated>
		<difficult>0</difficult>
		<bndbox>
			<xmin>657</xmin>
			<ymin>28</ymin>
			<xmax>687</xmax>
			<ymax>64</ymax>
		</bndbox>
	</object>
	<object>
		<name>fish8</name>
		<pose>Unspecified</pose>
		<truncated>0</truncated>
		<difficult>0</difficult>
		<bndbox>
			<xmin>338</xmin>
			<ymin>70</ymin>
			<xmax>417</xmax>
			<ymax>99</ymax>
		</bndbox>
	</object>
	<object>
		<name>fish8</name>
		<pose>Unspecified</pose>
		<truncated>0</truncated>
		<difficult>0</difficult>
		<bndbox>
			<xmin>590</xmin>
			<ymin>35</ymin>
			<xmax>638</xmax>
			<ymax>71</ymax>
		</bndbox>
	</object>
</annotation>
