<annotation>
	<folder>fish</folder>
	<filename>image3.jpg</filename>
	<path>/Users/ashithbhandary/PycharmProjects/pythonProject/fish/image3.jpg</path>
	<source>
		<database>Unknown</database>
	</source>
	<size>
		<width>768</width>
		<height>432</height>
		<depth>3</depth>
	</size>
	<segmented>0</segmented>
	<object>
		<name>fish1</name>
		<pose>Unspecified</pose>
		<truncated>0</truncated>
		<difficult>0</difficult>
		<bndbox>
			<xmin>305</xmin>
			<ymin>57</ymin>
			<xmax>622</xmax>
			<ymax>258</ymax>
		</bndbox>
	</object>
	<object>
		<name>fish1</name>
		<pose>Unspecified</pose>
		<truncated>0</truncated>
		<difficult>0</difficult>
		<bndbox>
			<xmin>293</xmin>
			<ymin>228</ymin>
			<xmax>536</xmax>
			<ymax>396</ymax>
		</bndbox>
	</object>
	<object>
		<name>fish1</name>
		<pose>Unspecified</pose>
		<truncated>0</truncated>
		<difficult>0</difficult>
		<bndbox>
			<xmin>30</xmin>
			<ymin>271</ymin>
			<xmax>229</xmax>
			<ymax>355</ymax>
		</bndbox>
	</object>
	<object>
		<name>fish2</name>
		<pose>Unspecified</pose>
		<truncated>0</truncated>
		<difficult>0</difficult>
		<bndbox>
			<xmin>92</xmin>
			<ymin>21</ymin>
			<xmax>165</xmax>
			<ymax>58</ymax>
		</bndbox>
	</object>
	<object>
		<name>fish2</name>
		<pose>Unspecified</pose>
		<truncated>0</truncated>
		<difficult>0</difficult>
		<bndbox>
			<xmin>261</xmin>
			<ymin>144</ymin>
			<xmax>305</xmax>
			<ymax>167</ymax>
		</bndbox>
	</object>
	<object>
		<name>fish2</name>
		<pose>Unspecified</pose>
		<truncated>0</truncated>
		<difficult>0</difficult>
		<bndbox>
			<xmin>157</xmin>
			<ymin>101</ymin>
			<xmax>188</xmax>
			<ymax>128</ymax>
		</bndbox>
	</object>
	<object>
		<name>fish2</name>
		<pose>Unspecified</pose>
		<truncated>0</truncated>
		<difficult>0</difficult>
		<bndbox>
			<xmin>160</xmin>
			<ymin>65</ymin>
			<xmax>196</xmax>
			<ymax>91</ymax>
		</bndbox>
	</object>
	<object>
		<name>fish2</name>
		<pose>Unspecified</pose>
		<truncated>0</truncated>
		<difficult>0</difficult>
		<bndbox>
			<xmin>47</xmin>
			<ymin>152</ymin>
			<xmax>112</xmax>
			<ymax>187</ymax>
		</bndbox>
	</object>
	<object>
		<name>fish2</name>
		<pose>Unspecified</pose>
		<truncated>0</truncated>
		<difficult>0</difficult>
		<bndbox>
			<xmin>314</xmin>
			<ymin>162</ymin>
			<xmax>343</xmax>
			<ymax>181</ymax>
		</bndbox>
	</object>
	<object>
		<name>fish2</name>
		<pose>Unspecified</pose>
		<truncated>0</truncated>
		<difficult>0</difficult>
		<bndbox>
			<xmin>351</xmin>
			<ymin>180</ymin>
			<xmax>377</xmax>
			<ymax>200</ymax>
		</bndbox>
	</object>
	<object>
		<name>fish2</name>
		<pose>Unspecified</pose>
		<truncated>0</truncated>
		<difficult>0</difficult>
		<bndbox>
			<xmin>347</xmin>
			<ymin>233</ymin>
			<xmax>378</xmax>
			<ymax>252</ymax>
		</bndbox>
	</object>
	<object>
		<name>fish2</name>
		<pose>Unspecified</pose>
		<truncated>0</truncated>
		<difficult>0</difficult>
		<bndbox>
			<xmin>383</xmin>
			<ymin>228</ymin>
			<xmax>406</xmax>
			<ymax>241</ymax>
		</bndbox>
	</object>
</annotation>
