<annotation>
	<folder>fish</folder>
	<filename>image53.jpg</filename>
	<path>/Users/ashithbhandary/PycharmProjects/pythonProject/fish/image53.jpg</path>
	<source>
		<database>Unknown</database>
	</source>
	<size>
		<width>768</width>
		<height>432</height>
		<depth>3</depth>
	</size>
	<segmented>0</segmented>
	<object>
		<name>fish8</name>
		<pose>Unspecified</pose>
		<truncated>1</truncated>
		<difficult>0</difficult>
		<bndbox>
			<xmin>1</xmin>
			<ymin>13</ymin>
			<xmax>277</xmax>
			<ymax>235</ymax>
		</bndbox>
	</object>
	<object>
		<name>fish8</name>
		<pose>Unspecified</pose>
		<truncated>0</truncated>
		<difficult>0</difficult>
		<bndbox>
			<xmin>62</xmin>
			<ymin>222</ymin>
			<xmax>189</xmax>
			<ymax>324</ymax>
		</bndbox>
	</object>
	<object>
		<name>fish8</name>
		<pose>Unspecified</pose>
		<truncated>0</truncated>
		<difficult>0</difficult>
		<bndbox>
			<xmin>541</xmin>
			<ymin>145</ymin>
			<xmax>765</xmax>
			<ymax>252</ymax>
		</bndbox>
	</object>
	<object>
		<name>fish8</name>
		<pose>Unspecified</pose>
		<truncated>0</truncated>
		<difficult>0</difficult>
		<bndbox>
			<xmin>622</xmin>
			<ymin>16</ymin>
			<xmax>739</xmax>
			<ymax>110</ymax>
		</bndbox>
	</object>
	<object>
		<name>fish8</name>
		<pose>Unspecified</pose>
		<truncated>0</truncated>
		<difficult>0</difficult>
		<bndbox>
			<xmin>359</xmin>
			<ymin>66</ymin>
			<xmax>459</xmax>
			<ymax>183</ymax>
		</bndbox>
	</object>
	<object>
		<name>fish8</name>
		<pose>Unspecified</pose>
		<truncated>0</truncated>
		<difficult>0</difficult>
		<bndbox>
			<xmin>181</xmin>
			<ymin>8</ymin>
			<xmax>361</xmax>
			<ymax>175</ymax>
		</bndbox>
	</object>
	<object>
		<name>fish8</name>
		<pose>Unspecified</pose>
		<truncated>0</truncated>
		<difficult>0</difficult>
		<bndbox>
			<xmin>235</xmin>
			<ymin>137</ymin>
			<xmax>420</xmax>
			<ymax>269</ymax>
		</bndbox>
	</object>
	<object>
		<name>fish8</name>
		<pose>Unspecified</pose>
		<truncated>0</truncated>
		<difficult>0</difficult>
		<bndbox>
			<xmin>298</xmin>
			<ymin>170</ymin>
			<xmax>430</xmax>
			<ymax>285</ymax>
		</bndbox>
	</object>
	<object>
		<name>fish8</name>
		<pose>Unspecified</pose>
		<truncated>0</truncated>
		<difficult>0</difficult>
		<bndbox>
			<xmin>454</xmin>
			<ymin>113</ymin>
			<xmax>552</xmax>
			<ymax>240</ymax>
		</bndbox>
	</object>
</annotation>
