<annotation>
	<folder>fish</folder>
	<filename>image27.jpg</filename>
	<path>/Users/ashithbhandary/PycharmProjects/pythonProject/fish/image27.jpg</path>
	<source>
		<database>Unknown</database>
	</source>
	<size>
		<width>768</width>
		<height>432</height>
		<depth>3</depth>
	</size>
	<segmented>0</segmented>
	<object>
		<name>fish5</name>
		<pose>Unspecified</pose>
		<truncated>0</truncated>
		<difficult>0</difficult>
		<bndbox>
			<xmin>531</xmin>
			<ymin>187</ymin>
			<xmax>733</xmax>
			<ymax>290</ymax>
		</bndbox>
	</object>
	<object>
		<name>fish1</name>
		<pose>Unspecified</pose>
		<truncated>0</truncated>
		<difficult>0</difficult>
		<bndbox>
			<xmin>246</xmin>
			<ymin>41</ymin>
			<xmax>377</xmax>
			<ymax>100</ymax>
		</bndbox>
	</object>
</annotation>
