<annotation>
	<folder>fish</folder>
	<filename>image12.jpg</filename>
	<path>/Users/ashithbhandary/PycharmProjects/pythonProject/fish/image12.jpg</path>
	<source>
		<database>Unknown</database>
	</source>
	<size>
		<width>768</width>
		<height>432</height>
		<depth>3</depth>
	</size>
	<segmented>0</segmented>
	<object>
		<name>fish2</name>
		<pose>Unspecified</pose>
		<truncated>0</truncated>
		<difficult>0</difficult>
		<bndbox>
			<xmin>369</xmin>
			<ymin>53</ymin>
			<xmax>715</xmax>
			<ymax>210</ymax>
		</bndbox>
	</object>
	<object>
		<name>fish5</name>
		<pose>Unspecified</pose>
		<truncated>0</truncated>
		<difficult>0</difficult>
		<bndbox>
			<xmin>389</xmin>
			<ymin>271</ymin>
			<xmax>552</xmax>
			<ymax>366</ymax>
		</bndbox>
	</object>
	<object>
		<name>fish5</name>
		<pose>Unspecified</pose>
		<truncated>0</truncated>
		<difficult>0</difficult>
		<bndbox>
			<xmin>321</xmin>
			<ymin>280</ymin>
			<xmax>432</xmax>
			<ymax>349</ymax>
		</bndbox>
	</object>
</annotation>
