<annotation>
	<folder>fish</folder>
	<filename>image26.jpg</filename>
	<path>/Users/ashithbhandary/PycharmProjects/pythonProject/fish/image26.jpg</path>
	<source>
		<database>Unknown</database>
	</source>
	<size>
		<width>768</width>
		<height>432</height>
		<depth>3</depth>
	</size>
	<segmented>0</segmented>
	<object>
		<name>fish2</name>
		<pose>Unspecified</pose>
		<truncated>0</truncated>
		<difficult>0</difficult>
		<bndbox>
			<xmin>212</xmin>
			<ymin>99</ymin>
			<xmax>277</xmax>
			<ymax>127</ymax>
		</bndbox>
	</object>
	<object>
		<name>fish2</name>
		<pose>Unspecified</pose>
		<truncated>0</truncated>
		<difficult>0</difficult>
		<bndbox>
			<xmin>252</xmin>
			<ymin>34</ymin>
			<xmax>297</xmax>
			<ymax>66</ymax>
		</bndbox>
	</object>
	<object>
		<name>fish2</name>
		<pose>Unspecified</pose>
		<truncated>0</truncated>
		<difficult>0</difficult>
		<bndbox>
			<xmin>494</xmin>
			<ymin>88</ymin>
			<xmax>557</xmax>
			<ymax>125</ymax>
		</bndbox>
	</object>
	<object>
		<name>fish2</name>
		<pose>Unspecified</pose>
		<truncated>0</truncated>
		<difficult>0</difficult>
		<bndbox>
			<xmin>536</xmin>
			<ymin>80</ymin>
			<xmax>596</xmax>
			<ymax>106</ymax>
		</bndbox>
	</object>
	<object>
		<name>fish2</name>
		<pose>Unspecified</pose>
		<truncated>0</truncated>
		<difficult>0</difficult>
		<bndbox>
			<xmin>457</xmin>
			<ymin>146</ymin>
			<xmax>502</xmax>
			<ymax>188</ymax>
		</bndbox>
	</object>
	<object>
		<name>fish2</name>
		<pose>Unspecified</pose>
		<truncated>0</truncated>
		<difficult>0</difficult>
		<bndbox>
			<xmin>495</xmin>
			<ymin>165</ymin>
			<xmax>566</xmax>
			<ymax>194</ymax>
		</bndbox>
	</object>
	<object>
		<name>fish2</name>
		<pose>Unspecified</pose>
		<truncated>0</truncated>
		<difficult>0</difficult>
		<bndbox>
			<xmin>216</xmin>
			<ymin>194</ymin>
			<xmax>263</xmax>
			<ymax>219</ymax>
		</bndbox>
	</object>
	<object>
		<name>fish2</name>
		<pose>Unspecified</pose>
		<truncated>0</truncated>
		<difficult>0</difficult>
		<bndbox>
			<xmin>186</xmin>
			<ymin>117</ymin>
			<xmax>210</xmax>
			<ymax>138</ymax>
		</bndbox>
	</object>
	<object>
		<name>fish2</name>
		<pose>Unspecified</pose>
		<truncated>0</truncated>
		<difficult>0</difficult>
		<bndbox>
			<xmin>234</xmin>
			<ymin>155</ymin>
			<xmax>268</xmax>
			<ymax>176</ymax>
		</bndbox>
	</object>
	<object>
		<name>fish2</name>
		<pose>Unspecified</pose>
		<truncated>0</truncated>
		<difficult>0</difficult>
		<bndbox>
			<xmin>321</xmin>
			<ymin>116</ymin>
			<xmax>356</xmax>
			<ymax>142</ymax>
		</bndbox>
	</object>
	<object>
		<name>fish2</name>
		<pose>Unspecified</pose>
		<truncated>0</truncated>
		<difficult>0</difficult>
		<bndbox>
			<xmin>388</xmin>
			<ymin>122</ymin>
			<xmax>420</xmax>
			<ymax>146</ymax>
		</bndbox>
	</object>
	<object>
		<name>fish2</name>
		<pose>Unspecified</pose>
		<truncated>0</truncated>
		<difficult>0</difficult>
		<bndbox>
			<xmin>426</xmin>
			<ymin>112</ymin>
			<xmax>455</xmax>
			<ymax>124</ymax>
		</bndbox>
	</object>
	<object>
		<name>fish2</name>
		<pose>Unspecified</pose>
		<truncated>0</truncated>
		<difficult>0</difficult>
		<bndbox>
			<xmin>683</xmin>
			<ymin>162</ymin>
			<xmax>762</xmax>
			<ymax>208</ymax>
		</bndbox>
	</object>
	<object>
		<name>fish2</name>
		<pose>Unspecified</pose>
		<truncated>0</truncated>
		<difficult>0</difficult>
		<bndbox>
			<xmin>618</xmin>
			<ymin>122</ymin>
			<xmax>641</xmax>
			<ymax>147</ymax>
		</bndbox>
	</object>
	<object>
		<name>fish2</name>
		<pose>Unspecified</pose>
		<truncated>0</truncated>
		<difficult>0</difficult>
		<bndbox>
			<xmin>634</xmin>
			<ymin>180</ymin>
			<xmax>658</xmax>
			<ymax>199</ymax>
		</bndbox>
	</object>
	<object>
		<name>fish2</name>
		<pose>Unspecified</pose>
		<truncated>0</truncated>
		<difficult>0</difficult>
		<bndbox>
			<xmin>369</xmin>
			<ymin>204</ymin>
			<xmax>405</xmax>
			<ymax>222</ymax>
		</bndbox>
	</object>
	<object>
		<name>fish2</name>
		<pose>Unspecified</pose>
		<truncated>0</truncated>
		<difficult>0</difficult>
		<bndbox>
			<xmin>429</xmin>
			<ymin>210</ymin>
			<xmax>467</xmax>
			<ymax>228</ymax>
		</bndbox>
	</object>
	<object>
		<name>fish2</name>
		<pose>Unspecified</pose>
		<truncated>0</truncated>
		<difficult>0</difficult>
		<bndbox>
			<xmin>272</xmin>
			<ymin>202</ymin>
			<xmax>303</xmax>
			<ymax>226</ymax>
		</bndbox>
	</object>
	<object>
		<name>fish2</name>
		<pose>Unspecified</pose>
		<truncated>0</truncated>
		<difficult>0</difficult>
		<bndbox>
			<xmin>383</xmin>
			<ymin>151</ymin>
			<xmax>427</xmax>
			<ymax>174</ymax>
		</bndbox>
	</object>
	<object>
		<name>fish2</name>
		<pose>Unspecified</pose>
		<truncated>0</truncated>
		<difficult>0</difficult>
		<bndbox>
			<xmin>362</xmin>
			<ymin>76</ymin>
			<xmax>381</xmax>
			<ymax>94</ymax>
		</bndbox>
	</object>
	<object>
		<name>fish2</name>
		<pose>Unspecified</pose>
		<truncated>0</truncated>
		<difficult>0</difficult>
		<bndbox>
			<xmin>632</xmin>
			<ymin>19</ymin>
			<xmax>657</xmax>
			<ymax>33</ymax>
		</bndbox>
	</object>
	<object>
		<name>fish2</name>
		<pose>Unspecified</pose>
		<truncated>0</truncated>
		<difficult>0</difficult>
		<bndbox>
			<xmin>334</xmin>
			<ymin>166</ymin>
			<xmax>365</xmax>
			<ymax>191</ymax>
		</bndbox>
	</object>
	<object>
		<name>fish2</name>
		<pose>Unspecified</pose>
		<truncated>0</truncated>
		<difficult>0</difficult>
		<bndbox>
			<xmin>307</xmin>
			<ymin>186</ymin>
			<xmax>330</xmax>
			<ymax>201</ymax>
		</bndbox>
	</object>
	<object>
		<name>fish2</name>
		<pose>Unspecified</pose>
		<truncated>0</truncated>
		<difficult>0</difficult>
		<bndbox>
			<xmin>324</xmin>
			<ymin>216</ymin>
			<xmax>351</xmax>
			<ymax>241</ymax>
		</bndbox>
	</object>
	<object>
		<name>fish2</name>
		<pose>Unspecified</pose>
		<truncated>0</truncated>
		<difficult>0</difficult>
		<bndbox>
			<xmin>266</xmin>
			<ymin>139</ymin>
			<xmax>292</xmax>
			<ymax>153</ymax>
		</bndbox>
	</object>
	<object>
		<name>fish2</name>
		<pose>Unspecified</pose>
		<truncated>0</truncated>
		<difficult>0</difficult>
		<bndbox>
			<xmin>539</xmin>
			<ymin>145</ymin>
			<xmax>574</xmax>
			<ymax>165</ymax>
		</bndbox>
	</object>
	<object>
		<name>fish2</name>
		<pose>Unspecified</pose>
		<truncated>0</truncated>
		<difficult>0</difficult>
		<bndbox>
			<xmin>577</xmin>
			<ymin>153</ymin>
			<xmax>597</xmax>
			<ymax>169</ymax>
		</bndbox>
	</object>
	<object>
		<name>fish2</name>
		<pose>Unspecified</pose>
		<truncated>0</truncated>
		<difficult>0</difficult>
		<bndbox>
			<xmin>694</xmin>
			<ymin>119</ymin>
			<xmax>723</xmax>
			<ymax>133</ymax>
		</bndbox>
	</object>
	<object>
		<name>fish2</name>
		<pose>Unspecified</pose>
		<truncated>0</truncated>
		<difficult>0</difficult>
		<bndbox>
			<xmin>601</xmin>
			<ymin>105</ymin>
			<xmax>619</xmax>
			<ymax>117</ymax>
		</bndbox>
	</object>
	<object>
		<name>fish2</name>
		<pose>Unspecified</pose>
		<truncated>0</truncated>
		<difficult>0</difficult>
		<bndbox>
			<xmin>166</xmin>
			<ymin>81</ymin>
			<xmax>177</xmax>
			<ymax>91</ymax>
		</bndbox>
	</object>
	<object>
		<name>fish2</name>
		<pose>Unspecified</pose>
		<truncated>0</truncated>
		<difficult>0</difficult>
		<bndbox>
			<xmin>272</xmin>
			<ymin>230</ymin>
			<xmax>306</xmax>
			<ymax>270</ymax>
		</bndbox>
	</object>
</annotation>
