<annotation>
	<folder>fish</folder>
	<filename>image35.jpg</filename>
	<path>/Users/ashithbhandary/PycharmProjects/pythonProject/fish/image35.jpg</path>
	<source>
		<database>Unknown</database>
	</source>
	<size>
		<width>768</width>
		<height>432</height>
		<depth>3</depth>
	</size>
	<segmented>0</segmented>
	<object>
		<name>fish3</name>
		<pose>Unspecified</pose>
		<truncated>0</truncated>
		<difficult>0</difficult>
		<bndbox>
			<xmin>13</xmin>
			<ymin>105</ymin>
			<xmax>720</xmax>
			<ymax>365</ymax>
		</bndbox>
	</object>
</annotation>
