<annotation>
	<folder>fish</folder>
	<filename>image31.jpg</filename>
	<path>/Users/ashithbhandary/PycharmProjects/pythonProject/fish/image31.jpg</path>
	<source>
		<database>Unknown</database>
	</source>
	<size>
		<width>768</width>
		<height>432</height>
		<depth>3</depth>
	</size>
	<segmented>0</segmented>
	<object>
		<name>fish7</name>
		<pose>Unspecified</pose>
		<truncated>0</truncated>
		<difficult>0</difficult>
		<bndbox>
			<xmin>278</xmin>
			<ymin>255</ymin>
			<xmax>472</xmax>
			<ymax>327</ymax>
		</bndbox>
	</object>
	<object>
		<name>fish5</name>
		<pose>Unspecified</pose>
		<truncated>0</truncated>
		<difficult>0</difficult>
		<bndbox>
			<xmin>594</xmin>
			<ymin>119</ymin>
			<xmax>753</xmax>
			<ymax>198</ymax>
		</bndbox>
	</object>
	<object>
		<name>fish1</name>
		<pose>Unspecified</pose>
		<truncated>0</truncated>
		<difficult>0</difficult>
		<bndbox>
			<xmin>246</xmin>
			<ymin>46</ymin>
			<xmax>328</xmax>
			<ymax>90</ymax>
		</bndbox>
	</object>
	<object>
		<name>fish7</name>
		<pose>Unspecified</pose>
		<truncated>0</truncated>
		<difficult>0</difficult>
		<bndbox>
			<xmin>113</xmin>
			<ymin>126</ymin>
			<xmax>214</xmax>
			<ymax>174</ymax>
		</bndbox>
	</object>
</annotation>
