<annotation>
	<folder>fish</folder>
	<filename>image10.jpg</filename>
	<path>/Users/ashithbhandary/PycharmProjects/pythonProject/fish/image10.jpg</path>
	<source>
		<database>Unknown</database>
	</source>
	<size>
		<width>768</width>
		<height>432</height>
		<depth>3</depth>
	</size>
	<segmented>0</segmented>
	<object>
		<name>fish2</name>
		<pose>Unspecified</pose>
		<truncated>0</truncated>
		<difficult>0</difficult>
		<bndbox>
			<xmin>354</xmin>
			<ymin>169</ymin>
			<xmax>494</xmax>
			<ymax>246</ymax>
		</bndbox>
	</object>
	<object>
		<name>fish5</name>
		<pose>Unspecified</pose>
		<truncated>0</truncated>
		<difficult>0</difficult>
		<bndbox>
			<xmin>364</xmin>
			<ymin>273</ymin>
			<xmax>465</xmax>
			<ymax>353</ymax>
		</bndbox>
	</object>
	<object>
		<name>fish5</name>
		<pose>Unspecified</pose>
		<truncated>0</truncated>
		<difficult>0</difficult>
		<bndbox>
			<xmin>266</xmin>
			<ymin>264</ymin>
			<xmax>352</xmax>
			<ymax>327</ymax>
		</bndbox>
	</object>
</annotation>
