<annotation>
	<folder>fish</folder>
	<filename>image50.jpg</filename>
	<path>/Users/ashithbhandary/PycharmProjects/pythonProject/fish/image50.jpg</path>
	<source>
		<database>Unknown</database>
	</source>
	<size>
		<width>768</width>
		<height>432</height>
		<depth>3</depth>
	</size>
	<segmented>0</segmented>
	<object>
		<name>fish8</name>
		<pose>Unspecified</pose>
		<truncated>0</truncated>
		<difficult>0</difficult>
		<bndbox>
			<xmin>272</xmin>
			<ymin>48</ymin>
			<xmax>459</xmax>
			<ymax>133</ymax>
		</bndbox>
	</object>
	<object>
		<name>fish8</name>
		<pose>Unspecified</pose>
		<truncated>0</truncated>
		<difficult>0</difficult>
		<bndbox>
			<xmin>141</xmin>
			<ymin>9</ymin>
			<xmax>300</xmax>
			<ymax>86</ymax>
		</bndbox>
	</object>
	<object>
		<name>fish8</name>
		<pose>Unspecified</pose>
		<truncated>0</truncated>
		<difficult>0</difficult>
		<bndbox>
			<xmin>146</xmin>
			<ymin>74</ymin>
			<xmax>270</xmax>
			<ymax>140</ymax>
		</bndbox>
	</object>
	<object>
		<name>fish8</name>
		<pose>Unspecified</pose>
		<truncated>0</truncated>
		<difficult>0</difficult>
		<bndbox>
			<xmin>527</xmin>
			<ymin>39</ymin>
			<xmax>681</xmax>
			<ymax>99</ymax>
		</bndbox>
	</object>
	<object>
		<name>fish8</name>
		<pose>Unspecified</pose>
		<truncated>0</truncated>
		<difficult>0</difficult>
		<bndbox>
			<xmin>201</xmin>
			<ymin>92</ymin>
			<xmax>288</xmax>
			<ymax>153</ymax>
		</bndbox>
	</object>
	<object>
		<name>fish8</name>
		<pose>Unspecified</pose>
		<truncated>0</truncated>
		<difficult>0</difficult>
		<bndbox>
			<xmin>255</xmin>
			<ymin>38</ymin>
			<xmax>385</xmax>
			<ymax>99</ymax>
		</bndbox>
	</object>
</annotation>
