<annotation>
	<folder>fish</folder>
	<filename>image2.jpg</filename>
	<path>/Users/ashithbhandary/PycharmProjects/pythonProject/fish/image2.jpg</path>
	<source>
		<database>Unknown</database>
	</source>
	<size>
		<width>768</width>
		<height>432</height>
		<depth>3</depth>
	</size>
	<segmented>0</segmented>
	<object>
		<name>fish1</name>
		<pose>Unspecified</pose>
		<truncated>1</truncated>
		<difficult>0</difficult>
		<bndbox>
			<xmin>179</xmin>
			<ymin>1</ymin>
			<xmax>440</xmax>
			<ymax>147</ymax>
		</bndbox>
	</object>
	<object>
		<name>fish1</name>
		<pose>Unspecified</pose>
		<truncated>0</truncated>
		<difficult>0</difficult>
		<bndbox>
			<xmin>141</xmin>
			<ymin>194</ymin>
			<xmax>440</xmax>
			<ymax>354</ymax>
		</bndbox>
	</object>
	<object>
		<name>fish1</name>
		<pose>Unspecified</pose>
		<truncated>0</truncated>
		<difficult>0</difficult>
		<bndbox>
			<xmin>6</xmin>
			<ymin>293</ymin>
			<xmax>213</xmax>
			<ymax>381</ymax>
		</bndbox>
	</object>
	<object>
		<name>fish1</name>
		<pose>Unspecified</pose>
		<truncated>0</truncated>
		<difficult>0</difficult>
		<bndbox>
			<xmin>430</xmin>
			<ymin>296</ymin>
			<xmax>565</xmax>
			<ymax>340</ymax>
		</bndbox>
	</object>
	<object>
		<name>fish1</name>
		<pose>Unspecified</pose>
		<truncated>0</truncated>
		<difficult>0</difficult>
		<bndbox>
			<xmin>426</xmin>
			<ymin>335</ymin>
			<xmax>580</xmax>
			<ymax>400</ymax>
		</bndbox>
	</object>
	<object>
		<name>fish2</name>
		<pose>Unspecified</pose>
		<truncated>0</truncated>
		<difficult>0</difficult>
		<bndbox>
			<xmin>7</xmin>
			<ymin>80</ymin>
			<xmax>102</xmax>
			<ymax>119</ymax>
		</bndbox>
	</object>
	<object>
		<name>fish2</name>
		<pose>Unspecified</pose>
		<truncated>0</truncated>
		<difficult>0</difficult>
		<bndbox>
			<xmin>174</xmin>
			<ymin>167</ymin>
			<xmax>233</xmax>
			<ymax>191</ymax>
		</bndbox>
	</object>
	<object>
		<name>fish2</name>
		<pose>Unspecified</pose>
		<truncated>0</truncated>
		<difficult>0</difficult>
		<bndbox>
			<xmin>119</xmin>
			<ymin>102</ymin>
			<xmax>158</xmax>
			<ymax>129</ymax>
		</bndbox>
	</object>
</annotation>
