<annotation>
	<folder>fish</folder>
	<filename>image22.jpg</filename>
	<path>/Users/ashithbhandary/PycharmProjects/pythonProject/fish/image22.jpg</path>
	<source>
		<database>Unknown</database>
	</source>
	<size>
		<width>768</width>
		<height>432</height>
		<depth>3</depth>
	</size>
	<segmented>0</segmented>
	<object>
		<name>fish1</name>
		<pose>Unspecified</pose>
		<truncated>0</truncated>
		<difficult>0</difficult>
		<bndbox>
			<xmin>308</xmin>
			<ymin>121</ymin>
			<xmax>463</xmax>
			<ymax>202</ymax>
		</bndbox>
	</object>
	<object>
		<name>fish6</name>
		<pose>Unspecified</pose>
		<truncated>0</truncated>
		<difficult>0</difficult>
		<bndbox>
			<xmin>429</xmin>
			<ymin>307</ymin>
			<xmax>530</xmax>
			<ymax>370</ymax>
		</bndbox>
	</object>
	<object>
		<name>fish6</name>
		<pose>Unspecified</pose>
		<truncated>0</truncated>
		<difficult>0</difficult>
		<bndbox>
			<xmin>553</xmin>
			<ymin>346</ymin>
			<xmax>641</xmax>
			<ymax>394</ymax>
		</bndbox>
	</object>
	<object>
		<name>fish2</name>
		<pose>Unspecified</pose>
		<truncated>0</truncated>
		<difficult>0</difficult>
		<bndbox>
			<xmin>47</xmin>
			<ymin>55</ymin>
			<xmax>113</xmax>
			<ymax>92</ymax>
		</bndbox>
	</object>
	<object>
		<name>fish2</name>
		<pose>Unspecified</pose>
		<truncated>0</truncated>
		<difficult>0</difficult>
		<bndbox>
			<xmin>155</xmin>
			<ymin>71</ymin>
			<xmax>202</xmax>
			<ymax>106</ymax>
		</bndbox>
	</object>
	<object>
		<name>fish6</name>
		<pose>Unspecified</pose>
		<truncated>0</truncated>
		<difficult>0</difficult>
		<bndbox>
			<xmin>191</xmin>
			<ymin>31</ymin>
			<xmax>220</xmax>
			<ymax>42</ymax>
		</bndbox>
	</object>
	<object>
		<name>fish6</name>
		<pose>Unspecified</pose>
		<truncated>0</truncated>
		<difficult>0</difficult>
		<bndbox>
			<xmin>254</xmin>
			<ymin>46</ymin>
			<xmax>288</xmax>
			<ymax>63</ymax>
		</bndbox>
	</object>
	<object>
		<name>fish2</name>
		<pose>Unspecified</pose>
		<truncated>0</truncated>
		<difficult>0</difficult>
		<bndbox>
			<xmin>63</xmin>
			<ymin>144</ymin>
			<xmax>111</xmax>
			<ymax>163</ymax>
		</bndbox>
	</object>
	<object>
		<name>fish2</name>
		<pose>Unspecified</pose>
		<truncated>0</truncated>
		<difficult>0</difficult>
		<bndbox>
			<xmin>28</xmin>
			<ymin>124</ymin>
			<xmax>57</xmax>
			<ymax>152</ymax>
		</bndbox>
	</object>
	<object>
		<name>fish2</name>
		<pose>Unspecified</pose>
		<truncated>0</truncated>
		<difficult>0</difficult>
		<bndbox>
			<xmin>38</xmin>
			<ymin>227</ymin>
			<xmax>91</xmax>
			<ymax>244</ymax>
		</bndbox>
	</object>
	<object>
		<name>fish2</name>
		<pose>Unspecified</pose>
		<truncated>0</truncated>
		<difficult>0</difficult>
		<bndbox>
			<xmin>177</xmin>
			<ymin>227</ymin>
			<xmax>227</xmax>
			<ymax>251</ymax>
		</bndbox>
	</object>
	<object>
		<name>fish2</name>
		<pose>Unspecified</pose>
		<truncated>0</truncated>
		<difficult>0</difficult>
		<bndbox>
			<xmin>163</xmin>
			<ymin>186</ymin>
			<xmax>200</xmax>
			<ymax>213</ymax>
		</bndbox>
	</object>
	<object>
		<name>fish2</name>
		<pose>Unspecified</pose>
		<truncated>0</truncated>
		<difficult>0</difficult>
		<bndbox>
			<xmin>266</xmin>
			<ymin>160</ymin>
			<xmax>294</xmax>
			<ymax>180</ymax>
		</bndbox>
	</object>
	<object>
		<name>fish2</name>
		<pose>Unspecified</pose>
		<truncated>0</truncated>
		<difficult>0</difficult>
		<bndbox>
			<xmin>277</xmin>
			<ymin>193</ymin>
			<xmax>309</xmax>
			<ymax>213</ymax>
		</bndbox>
	</object>
	<object>
		<name>fish2</name>
		<pose>Unspecified</pose>
		<truncated>0</truncated>
		<difficult>0</difficult>
		<bndbox>
			<xmin>116</xmin>
			<ymin>80</ymin>
			<xmax>146</xmax>
			<ymax>98</ymax>
		</bndbox>
	</object>
	<object>
		<name>fish2</name>
		<pose>Unspecified</pose>
		<truncated>0</truncated>
		<difficult>0</difficult>
		<bndbox>
			<xmin>275</xmin>
			<ymin>74</ymin>
			<xmax>320</xmax>
			<ymax>104</ymax>
		</bndbox>
	</object>
	<object>
		<name>fish2</name>
		<pose>Unspecified</pose>
		<truncated>0</truncated>
		<difficult>0</difficult>
		<bndbox>
			<xmin>330</xmin>
			<ymin>61</ymin>
			<xmax>363</xmax>
			<ymax>85</ymax>
		</bndbox>
	</object>
	<object>
		<name>fish2</name>
		<pose>Unspecified</pose>
		<truncated>0</truncated>
		<difficult>0</difficult>
		<bndbox>
			<xmin>148</xmin>
			<ymin>257</ymin>
			<xmax>176</xmax>
			<ymax>282</ymax>
		</bndbox>
	</object>
	<object>
		<name>fish2</name>
		<pose>Unspecified</pose>
		<truncated>0</truncated>
		<difficult>0</difficult>
		<bndbox>
			<xmin>128</xmin>
			<ymin>163</ymin>
			<xmax>169</xmax>
			<ymax>189</ymax>
		</bndbox>
	</object>
	<object>
		<name>fish2</name>
		<pose>Unspecified</pose>
		<truncated>0</truncated>
		<difficult>0</difficult>
		<bndbox>
			<xmin>113</xmin>
			<ymin>149</ymin>
			<xmax>139</xmax>
			<ymax>163</ymax>
		</bndbox>
	</object>
</annotation>
