<annotation>
	<folder>fish</folder>
	<filename>image38.jpg</filename>
	<path>/Users/ashithbhandary/PycharmProjects/pythonProject/fish/image38.jpg</path>
	<source>
		<database>Unknown</database>
	</source>
	<size>
		<width>768</width>
		<height>432</height>
		<depth>3</depth>
	</size>
	<segmented>0</segmented>
	<object>
		<name>fish8</name>
		<pose>Unspecified</pose>
		<truncated>0</truncated>
		<difficult>0</difficult>
		<bndbox>
			<xmin>391</xmin>
			<ymin>238</ymin>
			<xmax>739</xmax>
			<ymax>357</ymax>
		</bndbox>
	</object>
	<object>
		<name>fish8</name>
		<pose>Unspecified</pose>
		<truncated>0</truncated>
		<difficult>0</difficult>
		<bndbox>
			<xmin>4</xmin>
			<ymin>99</ymin>
			<xmax>283</xmax>
			<ymax>260</ymax>
		</bndbox>
	</object>
</annotation>
