<annotation>
	<folder>fish</folder>
	<filename>image11.jpg</filename>
	<path>/Users/ashithbhandary/PycharmProjects/pythonProject/fish/image11.jpg</path>
	<source>
		<database>Unknown</database>
	</source>
	<size>
		<width>768</width>
		<height>432</height>
		<depth>3</depth>
	</size>
	<segmented>0</segmented>
	<object>
		<name>fish5</name>
		<pose>Unspecified</pose>
		<truncated>0</truncated>
		<difficult>0</difficult>
		<bndbox>
			<xmin>373</xmin>
			<ymin>276</ymin>
			<xmax>494</xmax>
			<ymax>357</ymax>
		</bndbox>
	</object>
	<object>
		<name>fish5</name>
		<pose>Unspecified</pose>
		<truncated>0</truncated>
		<difficult>0</difficult>
		<bndbox>
			<xmin>287</xmin>
			<ymin>276</ymin>
			<xmax>386</xmax>
			<ymax>345</ymax>
		</bndbox>
	</object>
	<object>
		<name>fish2</name>
		<pose>Unspecified</pose>
		<truncated>0</truncated>
		<difficult>0</difficult>
		<bndbox>
			<xmin>367</xmin>
			<ymin>127</ymin>
			<xmax>583</xmax>
			<ymax>238</ymax>
		</bndbox>
	</object>
</annotation>
