<annotation>
	<folder>fish</folder>
	<filename>image33.jpg</filename>
	<path>/Users/ashithbhandary/PycharmProjects/pythonProject/fish/image33.jpg</path>
	<source>
		<database>Unknown</database>
	</source>
	<size>
		<width>768</width>
		<height>432</height>
		<depth>3</depth>
	</size>
	<segmented>0</segmented>
	<object>
		<name>fish5</name>
		<pose>Unspecified</pose>
		<truncated>0</truncated>
		<difficult>0</difficult>
		<bndbox>
			<xmin>400</xmin>
			<ymin>57</ymin>
			<xmax>512</xmax>
			<ymax>109</ymax>
		</bndbox>
	</object>
	<object>
		<name>fish5</name>
		<pose>Unspecified</pose>
		<truncated>1</truncated>
		<difficult>0</difficult>
		<bndbox>
			<xmin>601</xmin>
			<ymin>1</ymin>
			<xmax>702</xmax>
			<ymax>44</ymax>
		</bndbox>
	</object>
	<object>
		<name>fish1</name>
		<pose>Unspecified</pose>
		<truncated>0</truncated>
		<difficult>0</difficult>
		<bndbox>
			<xmin>158</xmin>
			<ymin>70</ymin>
			<xmax>303</xmax>
			<ymax>137</ymax>
		</bndbox>
	</object>
	<object>
		<name>fish2</name>
		<pose>Unspecified</pose>
		<truncated>0</truncated>
		<difficult>0</difficult>
		<bndbox>
			<xmin>33</xmin>
			<ymin>95</ymin>
			<xmax>141</xmax>
			<ymax>161</ymax>
		</bndbox>
	</object>
	<object>
		<name>fish7</name>
		<pose>Unspecified</pose>
		<truncated>0</truncated>
		<difficult>0</difficult>
		<bndbox>
			<xmin>282</xmin>
			<ymin>266</ymin>
			<xmax>481</xmax>
			<ymax>324</ymax>
		</bndbox>
	</object>
</annotation>
