<annotation>
	<folder>fish</folder>
	<filename>image18.jpg</filename>
	<path>/Users/ashithbhandary/PycharmProjects/pythonProject/fish/image18.jpg</path>
	<source>
		<database>Unknown</database>
	</source>
	<size>
		<width>768</width>
		<height>432</height>
		<depth>3</depth>
	</size>
	<segmented>0</segmented>
	<object>
		<name>fish6</name>
		<pose>Unspecified</pose>
		<truncated>0</truncated>
		<difficult>0</difficult>
		<bndbox>
			<xmin>387</xmin>
			<ymin>296</ymin>
			<xmax>477</xmax>
			<ymax>352</ymax>
		</bndbox>
	</object>
	<object>
		<name>fish6</name>
		<pose>Unspecified</pose>
		<truncated>1</truncated>
		<difficult>0</difficult>
		<bndbox>
			<xmin>358</xmin>
			<ymin>369</ymin>
			<xmax>422</xmax>
			<ymax>432</ymax>
		</bndbox>
	</object>
	<object>
		<name>fish6</name>
		<pose>Unspecified</pose>
		<truncated>0</truncated>
		<difficult>0</difficult>
		<bndbox>
			<xmin>527</xmin>
			<ymin>298</ymin>
			<xmax>656</xmax>
			<ymax>344</ymax>
		</bndbox>
	</object>
	<object>
		<name>fish2</name>
		<pose>Unspecified</pose>
		<truncated>0</truncated>
		<difficult>0</difficult>
		<bndbox>
			<xmin>280</xmin>
			<ymin>187</ymin>
			<xmax>343</xmax>
			<ymax>229</ymax>
		</bndbox>
	</object>
	<object>
		<name>fish2</name>
		<pose>Unspecified</pose>
		<truncated>0</truncated>
		<difficult>0</difficult>
		<bndbox>
			<xmin>227</xmin>
			<ymin>177</ymin>
			<xmax>282</xmax>
			<ymax>216</ymax>
		</bndbox>
	</object>
	<object>
		<name>fish2</name>
		<pose>Unspecified</pose>
		<truncated>0</truncated>
		<difficult>0</difficult>
		<bndbox>
			<xmin>204</xmin>
			<ymin>227</ymin>
			<xmax>251</xmax>
			<ymax>260</ymax>
		</bndbox>
	</object>
	<object>
		<name>fish2</name>
		<pose>Unspecified</pose>
		<truncated>0</truncated>
		<difficult>0</difficult>
		<bndbox>
			<xmin>138</xmin>
			<ymin>200</ymin>
			<xmax>196</xmax>
			<ymax>244</ymax>
		</bndbox>
	</object>
	<object>
		<name>fish1</name>
		<pose>Unspecified</pose>
		<truncated>0</truncated>
		<difficult>0</difficult>
		<bndbox>
			<xmin>386</xmin>
			<ymin>113</ymin>
			<xmax>545</xmax>
			<ymax>197</ymax>
		</bndbox>
	</object>
	<object>
		<name>fish2</name>
		<pose>Unspecified</pose>
		<truncated>0</truncated>
		<difficult>0</difficult>
		<bndbox>
			<xmin>252</xmin>
			<ymin>138</ymin>
			<xmax>291</xmax>
			<ymax>155</ymax>
		</bndbox>
	</object>
	<object>
		<name>fish2</name>
		<pose>Unspecified</pose>
		<truncated>0</truncated>
		<difficult>0</difficult>
		<bndbox>
			<xmin>269</xmin>
			<ymin>40</ymin>
			<xmax>311</xmax>
			<ymax>66</ymax>
		</bndbox>
	</object>
	<object>
		<name>fish2</name>
		<pose>Unspecified</pose>
		<truncated>0</truncated>
		<difficult>0</difficult>
		<bndbox>
			<xmin>46</xmin>
			<ymin>72</ymin>
			<xmax>83</xmax>
			<ymax>90</ymax>
		</bndbox>
	</object>
	<object>
		<name>fish2</name>
		<pose>Unspecified</pose>
		<truncated>0</truncated>
		<difficult>0</difficult>
		<bndbox>
			<xmin>209</xmin>
			<ymin>88</ymin>
			<xmax>252</xmax>
			<ymax>113</ymax>
		</bndbox>
	</object>
	<object>
		<name>fish2</name>
		<pose>Unspecified</pose>
		<truncated>0</truncated>
		<difficult>0</difficult>
		<bndbox>
			<xmin>156</xmin>
			<ymin>120</ymin>
			<xmax>199</xmax>
			<ymax>137</ymax>
		</bndbox>
	</object>
	<object>
		<name>fish2</name>
		<pose>Unspecified</pose>
		<truncated>0</truncated>
		<difficult>0</difficult>
		<bndbox>
			<xmin>45</xmin>
			<ymin>119</ymin>
			<xmax>75</xmax>
			<ymax>142</ymax>
		</bndbox>
	</object>
	<object>
		<name>fish2</name>
		<pose>Unspecified</pose>
		<truncated>0</truncated>
		<difficult>0</difficult>
		<bndbox>
			<xmin>58</xmin>
			<ymin>127</ymin>
			<xmax>104</xmax>
			<ymax>155</ymax>
		</bndbox>
	</object>
	<object>
		<name>fish2</name>
		<pose>Unspecified</pose>
		<truncated>0</truncated>
		<difficult>0</difficult>
		<bndbox>
			<xmin>140</xmin>
			<ymin>161</ymin>
			<xmax>190</xmax>
			<ymax>203</ymax>
		</bndbox>
	</object>
	<object>
		<name>fish2</name>
		<pose>Unspecified</pose>
		<truncated>0</truncated>
		<difficult>0</difficult>
		<bndbox>
			<xmin>294</xmin>
			<ymin>160</ymin>
			<xmax>319</xmax>
			<ymax>174</ymax>
		</bndbox>
	</object>
	<object>
		<name>fish2</name>
		<pose>Unspecified</pose>
		<truncated>0</truncated>
		<difficult>0</difficult>
		<bndbox>
			<xmin>342</xmin>
			<ymin>71</ymin>
			<xmax>368</xmax>
			<ymax>94</ymax>
		</bndbox>
	</object>
	<object>
		<name>fish2</name>
		<pose>Unspecified</pose>
		<truncated>0</truncated>
		<difficult>0</difficult>
		<bndbox>
			<xmin>271</xmin>
			<ymin>107</ymin>
			<xmax>295</xmax>
			<ymax>134</ymax>
		</bndbox>
	</object>
	<object>
		<name>fish2</name>
		<pose>Unspecified</pose>
		<truncated>0</truncated>
		<difficult>0</difficult>
		<bndbox>
			<xmin>313</xmin>
			<ymin>119</ymin>
			<xmax>335</xmax>
			<ymax>133</ymax>
		</bndbox>
	</object>
	<object>
		<name>fish2</name>
		<pose>Unspecified</pose>
		<truncated>0</truncated>
		<difficult>0</difficult>
		<bndbox>
			<xmin>331</xmin>
			<ymin>127</ymin>
			<xmax>352</xmax>
			<ymax>142</ymax>
		</bndbox>
	</object>
	<object>
		<name>fish2</name>
		<pose>Unspecified</pose>
		<truncated>0</truncated>
		<difficult>0</difficult>
		<bndbox>
			<xmin>405</xmin>
			<ymin>253</ymin>
			<xmax>465</xmax>
			<ymax>286</ymax>
		</bndbox>
	</object>
	<object>
		<name>fish2</name>
		<pose>Unspecified</pose>
		<truncated>0</truncated>
		<difficult>0</difficult>
		<bndbox>
			<xmin>424</xmin>
			<ymin>235</ymin>
			<xmax>474</xmax>
			<ymax>256</ymax>
		</bndbox>
	</object>
	<object>
		<name>fish2</name>
		<pose>Unspecified</pose>
		<truncated>0</truncated>
		<difficult>0</difficult>
		<bndbox>
			<xmin>134</xmin>
			<ymin>287</ymin>
			<xmax>186</xmax>
			<ymax>328</ymax>
		</bndbox>
	</object>
	<object>
		<name>fish2</name>
		<pose>Unspecified</pose>
		<truncated>0</truncated>
		<difficult>0</difficult>
		<bndbox>
			<xmin>388</xmin>
			<ymin>82</ymin>
			<xmax>427</xmax>
			<ymax>109</ymax>
		</bndbox>
	</object>
	<object>
		<name>fish2</name>
		<pose>Unspecified</pose>
		<truncated>0</truncated>
		<difficult>0</difficult>
		<bndbox>
			<xmin>318</xmin>
			<ymin>238</ymin>
			<xmax>354</xmax>
			<ymax>257</ymax>
		</bndbox>
	</object>
	<object>
		<name>fish2</name>
		<pose>Unspecified</pose>
		<truncated>0</truncated>
		<difficult>0</difficult>
		<bndbox>
			<xmin>289</xmin>
			<ymin>219</ymin>
			<xmax>324</xmax>
			<ymax>238</ymax>
		</bndbox>
	</object>
</annotation>
